observation_date,GS1M,GS3M,GS1,GS2,GS3,GS5,GS7,GS10,GS20,GS30
1953-04-01,,,2.36,,2.51,2.62,,2.83,3.08,
1953-05-01,,,2.48,,2.72,2.87,,3.05,3.18,
1953-06-01,,,2.45,,2.74,2.94,,3.11,3.21,
1953-07-01,,,2.38,,2.62,2.75,,2.93,3.12,
1953-08-01,,,2.28,,2.58,2.80,,2.95,3.10,
1953-09-01,,,2.20,,2.56,2.71,,2.87,3.07,
1953-10-01,,,1.79,,2.23,2.43,,2.66,2.95,
1953-11-01,,,1.67,,2.20,2.42,,2.68,2.95,
1953-12-01,,,1.66,,2.07,2.32,,2.59,2.89,
1954-01-01,,,1.41,,1.89,2.17,,2.48,2.80,
1954-02-01,,,1.14,,1.63,2.04,,2.47,2.72,
1954-03-01,,,1.13,,1.59,1.93,,2.37,2.61,
1954-04-01,,,0.96,,1.54,1.87,,2.29,2.60,
1954-05-01,,,0.85,,1.56,1.92,,2.37,2.66,
1954-06-01,,,0.82,,1.53,1.92,,2.38,2.64,
1954-07-01,,,0.84,,1.47,1.85,,2.30,2.57,
1954-08-01,,,0.88,,1.49,1.90,,2.36,2.58,
1954-09-01,,,1.03,,1.60,1.96,,2.38,2.60,
1954-10-01,,,1.17,,1.72,2.02,,2.43,2.61,
1954-11-01,,,1.14,,1.75,2.09,,2.48,2.65,
1954-12-01,,,1.21,,1.81,2.16,,2.51,2.67,
1955-01-01,,,1.39,,1.99,2.32,,2.61,2.75,
1955-02-01,,,1.57,,2.12,2.38,,2.65,2.83,
1955-03-01,,,1.59,,2.26,2.48,,2.68,2.84,
1955-04-01,,,1.75,,2.37,2.55,,2.75,2.85,
1955-05-01,,,1.90,,2.37,2.56,,2.76,2.87,
1955-06-01,,,1.91,,2.39,2.59,,2.78,2.86,
1955-07-01,,,2.02,,2.51,2.72,,2.90,2.94,
1955-08-01,,,2.37,,2.72,2.86,,2.97,3.01,
1955-09-01,,,2.36,,2.69,2.85,,2.97,3.00,
1955-10-01,,,2.39,,2.62,2.76,,2.88,2.93,
1955-11-01,,,2.48,,2.73,2.81,,2.89,2.93,
1955-12-01,,,2.73,,2.88,2.93,,2.96,2.98,
1956-01-01,,,2.58,,2.78,2.84,,2.90,2.94,
1956-02-01,,,2.49,,2.67,2.74,,2.84,2.91,
1956-03-01,,,2.61,,2.89,2.93,,2.96,2.99,
1956-04-01,,,2.92,,3.19,3.20,,3.18,3.14,
1956-05-01,,,2.94,,3.08,3.08,,3.07,3.06,
1956-06-01,,,2.74,,2.95,2.97,,3.00,3.00,
1956-07-01,,,2.76,,3.06,3.12,,3.11,3.08,
1956-08-01,,,3.10,,3.39,3.41,,3.33,3.22,
1956-09-01,,,3.35,,3.50,3.47,,3.38,3.28,
1956-10-01,,,3.28,,3.40,3.40,,3.34,3.26,
1956-11-01,,,3.44,,3.57,3.56,,3.49,3.37,
1956-12-01,,,3.68,,3.76,3.70,,3.59,3.45,
1957-01-01,,,3.37,,3.46,3.47,,3.46,3.41,
1957-02-01,,,3.38,,3.42,3.39,,3.34,3.30,
1957-03-01,,,3.42,,3.47,3.46,,3.41,3.32,
1957-04-01,,,3.49,,3.53,3.53,,3.48,3.40,
1957-05-01,,,3.48,,3.61,3.64,,3.60,3.49,
1957-06-01,,,3.65,,3.80,3.83,,3.80,3.65,
1957-07-01,,,3.81,,3.96,4.00,,3.93,3.72,
1957-08-01,,,4.01,,4.02,4.00,,3.93,3.75,
1957-09-01,,,4.07,,4.06,4.03,,3.92,3.73,
1957-10-01,,,4.01,,4.09,4.08,,3.97,3.76,
1957-11-01,,,3.57,,3.70,3.72,,3.72,3.61,
1957-12-01,,,3.18,,3.11,3.08,,3.21,3.38,
1958-01-01,,,2.65,,2.78,2.88,,3.09,3.27,
1958-02-01,,,1.99,,2.58,2.78,,3.05,3.31,
1958-03-01,,,1.84,,2.40,2.64,,2.98,3.29,
1958-04-01,,,1.45,,2.15,2.46,,2.88,3.17,
1958-05-01,,,1.37,,2.07,2.41,,2.92,3.17,
1958-06-01,,,1.23,,2.08,2.46,,2.97,3.23,
1958-07-01,,,1.61,,2.42,2.77,,3.20,3.39,
1958-08-01,,,2.50,,3.06,3.29,,3.54,3.65,
1958-09-01,,,3.05,,3.52,3.69,,3.76,3.80,
1958-10-01,,,3.19,,3.67,3.78,,3.80,3.81,
1958-11-01,,,3.10,,3.60,3.70,,3.74,3.76,
1958-12-01,,,3.29,,3.72,3.82,,3.86,3.86,
1959-01-01,,,3.36,,3.91,4.01,,4.02,3.95,
1959-02-01,,,3.54,,3.92,3.96,,3.96,3.96,
1959-03-01,,,3.61,,3.97,3.99,,3.99,3.99,
1959-04-01,,,3.72,,4.03,4.12,,4.12,4.06,
1959-05-01,,,3.96,,4.25,4.35,,4.31,4.13,
1959-06-01,,,4.07,,4.52,4.50,,4.34,4.14,
1959-07-01,,,4.39,,4.60,4.58,,4.40,4.16,
1959-08-01,,,4.42,,4.60,4.57,,4.43,4.15,
1959-09-01,,,5.00,,4.97,4.90,,4.68,4.29,
1959-10-01,,,4.80,,4.78,4.72,,4.53,4.19,
1959-11-01,,,4.81,,4.85,4.75,,4.53,4.20,
1959-12-01,,,5.14,,5.12,5.01,,4.69,4.33,
1960-01-01,,,5.03,,4.99,4.92,,4.72,4.42,
1960-02-01,,,4.66,,4.73,4.69,,4.49,4.28,
1960-03-01,,,4.02,,4.29,4.31,,4.25,4.14,
1960-04-01,,,4.04,,4.27,4.29,,4.28,4.23,
1960-05-01,,,4.21,,4.46,4.49,,4.35,4.20,
1960-06-01,,,3.36,,4.01,4.12,,4.15,4.04,
1960-07-01,,,3.20,,3.63,3.79,,3.90,3.91,
1960-08-01,,,2.95,,3.41,3.62,,3.80,3.84,
1960-09-01,,,3.07,,3.43,3.61,,3.80,3.86,
1960-10-01,,,3.04,,3.53,3.76,,3.89,3.92,
1960-11-01,,,3.08,,3.60,3.81,,3.93,3.96,
1960-12-01,,,2.86,,3.42,3.67,,3.84,3.91,
1961-01-01,,,2.81,,3.39,3.67,,3.84,3.90,
1961-02-01,,,2.93,,3.46,3.66,,3.78,3.84,
1961-03-01,,,2.88,,3.35,3.60,,3.74,3.81,
1961-04-01,,,2.88,,3.33,3.57,,3.78,3.81,
1961-05-01,,,2.87,,3.23,3.47,,3.71,3.74,
1961-06-01,,,3.06,,3.63,3.81,,3.88,3.89,
1961-07-01,,,2.92,,3.59,3.84,,3.92,3.93,
1961-08-01,,,3.06,,3.76,3.96,,4.04,4.04,
1961-09-01,,,3.06,,3.73,3.90,,3.98,4.04,
1961-10-01,,,3.05,,3.62,3.80,,3.92,4.01,
1961-11-01,,,3.07,,3.61,3.82,,3.94,4.00,
1961-12-01,,,3.18,,3.72,3.91,,4.06,4.07,
1962-01-01,,,3.28,,3.76,3.94,,4.08,4.10,
1962-02-01,,,3.28,,3.69,3.89,,4.04,4.12,
1962-03-01,,,3.06,,3.45,3.68,,3.93,4.04,
1962-04-01,,,2.99,,3.38,3.60,,3.84,3.93,
1962-05-01,,,3.03,,3.40,3.66,,3.87,3.92,
1962-06-01,,,3.03,,3.39,3.64,,3.91,3.96,
1962-07-01,,,3.29,,3.62,3.80,,4.01,4.05,
1962-08-01,,,3.20,,3.46,3.71,,3.98,4.01,
1962-09-01,,,3.06,,3.41,3.70,,3.98,4.00,
1962-10-01,,,2.98,,3.33,3.64,,3.93,3.94,
1962-11-01,,,3.00,,3.40,3.60,,3.92,3.93,
1962-12-01,,,3.01,,3.37,3.56,,3.86,3.92,
1963-01-01,,,3.04,,3.40,3.58,,3.83,3.93,
1963-02-01,,,3.01,,3.39,3.66,,3.92,3.97,
1963-03-01,,,3.03,,3.41,3.68,,3.93,3.98,
1963-04-01,,,3.11,,3.50,3.74,,3.97,4.03,
1963-05-01,,,3.12,,3.54,3.72,,3.93,4.02,
1963-06-01,,,3.20,,3.61,3.81,,3.99,4.02,
1963-07-01,,,3.48,,3.76,3.89,,4.02,4.06,
1963-08-01,,,3.53,,3.77,3.89,,4.00,4.03,
1963-09-01,,,3.57,,3.82,3.96,,4.08,4.09,
1963-10-01,,,3.64,,3.87,3.97,,4.11,4.12,
1963-11-01,,,3.74,,3.95,4.01,,4.12,4.16,
1963-12-01,,,3.81,,4.01,4.04,,4.13,4.19,
1964-01-01,,,3.79,,4.04,4.07,,4.17,4.19,
1964-02-01,,,3.78,,4.00,4.03,,4.15,4.17,
1964-03-01,,,3.91,,4.12,4.14,,4.22,4.22,
1964-04-01,,,3.91,,4.15,4.15,,4.23,4.24,
1964-05-01,,,3.84,,4.04,4.05,,4.20,4.20,
1964-06-01,,,3.83,,4.01,4.02,,4.17,4.17,
1964-07-01,,,3.72,,3.93,4.03,,4.19,4.16,
1964-08-01,,,3.74,,3.93,4.05,,4.19,4.18,
1964-09-01,,,3.84,,4.01,4.08,,4.20,4.20,
1964-10-01,,,3.86,,4.02,4.07,,4.19,4.20,
1964-11-01,,,3.91,,4.04,4.04,,4.15,4.17,
1964-12-01,,,4.02,,4.08,4.09,,4.18,4.18,
1965-01-01,,,3.94,,4.03,4.10,,4.19,4.19,
1965-02-01,,,4.03,,4.08,4.15,,4.21,4.21,
1965-03-01,,,4.06,,4.13,4.15,,4.21,4.20,
1965-04-01,,,4.04,,4.12,4.15,,4.20,4.20,
1965-05-01,,,4.03,,4.11,4.15,,4.21,4.21,
1965-06-01,,,3.99,,4.08,4.15,,4.21,4.21,
1965-07-01,,,3.98,,4.09,4.15,,4.20,4.21,
1965-08-01,,,4.07,,4.16,4.20,,4.25,4.25,
1965-09-01,,,4.20,,4.24,4.25,,4.29,4.30,
1965-10-01,,,4.30,,4.33,4.34,,4.35,4.32,
1965-11-01,,,4.37,,4.45,4.46,,4.45,4.40,
1965-12-01,,,4.72,,4.79,4.72,,4.62,4.50,
1966-01-01,,,4.88,,4.90,4.86,,4.61,4.52,
1966-02-01,,,4.94,,5.02,4.98,,4.83,4.71,
1966-03-01,,,4.97,,4.97,4.92,,4.87,4.72,
1966-04-01,,,4.90,,4.89,4.83,,4.75,4.65,
1966-05-01,,,4.93,,5.00,4.89,,4.78,4.69,
1966-06-01,,,4.97,,5.05,4.97,,4.81,4.73,
1966-07-01,,,5.17,,5.26,5.17,,5.02,4.84,
1966-08-01,,,5.54,,5.68,5.50,,5.22,4.95,
1966-09-01,,,5.82,,5.79,5.50,,5.18,4.94,
1966-10-01,,,5.58,,5.48,5.27,,5.01,4.83,
1966-11-01,,,5.54,,5.53,5.36,,5.16,4.87,
1966-12-01,,,5.20,,5.19,5.00,,4.84,4.76,
1967-01-01,,,4.75,,4.75,4.70,,4.58,4.51,
1967-02-01,,,4.71,,4.73,4.74,,4.63,4.61,
1967-03-01,,,4.35,,4.47,4.54,,4.54,4.56,
1967-04-01,,,4.11,,4.38,4.51,,4.59,4.64,
1967-05-01,,,4.15,,4.61,4.75,,4.85,4.90,
1967-06-01,,,4.48,,4.89,5.01,,5.02,4.99,
1967-07-01,,,5.01,,5.06,5.23,,5.16,5.01,
1967-08-01,,,5.13,,5.23,5.31,,5.28,5.12,
1967-09-01,,,5.24,,5.41,5.40,,5.30,5.16,
1967-10-01,,,5.37,,5.52,5.57,,5.48,5.36,
1967-11-01,,,5.61,,5.71,5.78,,5.75,5.66,
1967-12-01,,,5.71,,5.71,5.75,,5.70,5.59,
1968-01-01,,,5.43,,5.53,5.54,,5.53,5.39,
1968-02-01,,,5.41,,5.61,5.59,,5.56,5.38,
1968-03-01,,,5.58,,5.80,5.76,,5.74,5.59,
1968-04-01,,,5.71,,5.75,5.69,,5.64,5.46,
1968-05-01,,,6.14,,6.11,6.04,,5.87,5.55,
1968-06-01,,,5.98,,5.82,5.85,,5.72,5.40,
1968-07-01,,,5.65,,5.54,5.60,,5.50,5.29,
1968-08-01,,,5.43,,5.42,5.50,,5.42,5.23,
1968-09-01,,,5.45,,5.39,5.48,,5.46,5.28,
1968-10-01,,,5.57,,5.52,5.55,,5.58,5.44,
1968-11-01,,,5.75,,5.57,5.66,,5.70,5.56,
1968-12-01,,,6.19,,6.16,6.12,,6.03,5.88,
1969-01-01,,,6.34,,6.22,6.25,,6.04,5.99,
1969-02-01,,,6.41,,6.32,6.34,,6.19,6.11,
1969-03-01,,,6.34,,6.38,6.41,,6.30,6.22,
1969-04-01,,,6.26,,6.25,6.30,,6.17,6.03,
1969-05-01,,,6.42,,6.51,6.54,,6.32,6.11,
1969-06-01,,,7.04,,6.83,6.75,,6.57,6.28,
1969-07-01,,,7.60,,7.31,7.01,6.80,6.72,6.27,
1969-08-01,,,7.54,,7.29,7.03,6.79,6.69,6.22,
1969-09-01,,,7.82,,7.77,7.57,7.36,7.16,6.55,
1969-10-01,,,7.64,,7.57,7.51,7.24,7.10,6.49,
1969-11-01,,,7.89,,7.65,7.53,7.17,7.14,6.74,
1969-12-01,,,8.17,,8.10,7.96,7.51,7.65,6.91,
1970-01-01,,,8.10,,8.24,8.17,7.73,7.79,6.92,
1970-02-01,,,7.59,,7.79,7.82,7.51,7.24,6.67,
1970-03-01,,,6.97,,7.15,7.21,7.13,7.07,6.72,
1970-04-01,,,7.06,,7.39,7.50,7.45,7.39,6.85,
1970-05-01,,,7.75,,7.94,7.97,7.93,7.91,7.24,
1970-06-01,,,7.55,,7.84,7.85,7.84,7.84,7.34,
1970-07-01,,,7.10,,7.56,7.59,7.61,7.46,6.92,
1970-08-01,,,6.98,,7.46,7.57,7.59,7.53,7.07,
1970-09-01,,,6.73,,7.11,7.29,7.40,7.39,6.88,
1970-10-01,,,6.43,,6.96,7.12,7.32,7.33,6.88,
1970-11-01,,,5.51,,6.25,6.47,6.76,6.84,6.58,
1970-12-01,,,5.00,,5.75,5.95,6.23,6.39,6.28,
1971-01-01,,,4.57,,5.61,5.89,6.16,6.24,6.18,
1971-02-01,,,3.89,,5.07,5.56,5.94,6.11,6.14,
1971-03-01,,,3.69,,4.50,5.00,5.42,5.70,5.94,
1971-04-01,,,4.30,,5.22,5.65,5.87,5.83,6.00,
1971-05-01,,,5.04,,5.97,6.28,6.42,6.39,6.32,
1971-06-01,,,5.64,,6.32,6.53,6.65,6.52,6.38,
1971-07-01,,,6.04,,6.74,6.85,6.92,6.73,6.38,
1971-08-01,,,5.80,,6.35,6.55,6.67,6.58,6.27,
1971-09-01,,,5.41,,5.89,6.14,6.20,6.14,6.05,
1971-10-01,,,4.91,,5.56,5.93,5.98,5.93,5.92,
1971-11-01,,,4.67,,5.35,5.78,5.94,5.81,5.86,
1971-12-01,,,4.60,,5.27,5.69,5.97,5.93,6.00,
1972-01-01,,,4.28,,5.14,5.59,5.91,5.95,6.01,
1972-02-01,,,4.27,,5.25,5.69,5.99,6.08,6.06,
1972-03-01,,,4.67,,5.56,5.87,6.05,6.07,6.06,
1972-04-01,,,4.96,,5.88,6.17,6.22,6.19,6.16,
1972-05-01,,,4.64,,5.55,5.85,6.07,6.13,6.07,
1972-06-01,,,4.93,,5.64,5.91,6.06,6.11,6.01,
1972-07-01,,,4.96,,5.78,5.97,6.09,6.11,6.01,
1972-08-01,,,4.98,,5.79,6.02,6.19,6.21,5.94,
1972-09-01,,,5.52,,6.06,6.25,6.43,6.55,6.05,
1972-10-01,,,5.52,,6.05,6.18,6.35,6.48,6.00,
1972-11-01,,,5.27,,5.94,6.12,6.18,6.28,5.79,
1972-12-01,,,5.52,,6.01,6.16,6.20,6.36,5.96,
1973-01-01,,,5.89,,6.27,6.34,6.36,6.46,6.78,
1973-02-01,,,6.19,,6.58,6.60,6.60,6.64,6.88,
1973-03-01,,,6.85,,6.86,6.80,6.76,6.71,6.91,
1973-04-01,,,6.85,,6.78,6.67,6.67,6.67,6.86,
1973-05-01,,,6.89,,6.83,6.80,6.83,6.85,6.99,
1973-06-01,,,7.31,,6.84,6.69,6.81,6.90,7.06,
1973-07-01,,,8.39,,7.54,7.33,7.23,7.13,7.29,
1973-08-01,,,8.82,,7.89,7.63,7.52,7.40,7.61,
1973-09-01,,,8.31,,7.25,7.05,7.08,7.09,7.25,
1973-10-01,,,7.40,,6.81,6.77,6.78,6.79,7.18,
1973-11-01,,,7.57,,7.00,6.92,6.89,6.73,7.30,
1973-12-01,,,7.27,,6.81,6.80,6.77,6.74,7.29,
1974-01-01,,,7.42,,6.96,6.95,6.88,6.99,7.47,
1974-02-01,,,6.88,,6.76,6.82,6.92,6.96,7.46,
1974-03-01,,,7.76,,7.35,7.31,7.34,7.21,7.73,
1974-04-01,,,8.62,,8.05,7.92,7.77,7.51,8.01,
1974-05-01,,,8.78,,8.27,8.18,7.93,7.58,8.14,
1974-06-01,,,8.67,,8.15,8.10,7.90,7.54,8.10,
1974-07-01,,,8.80,,8.41,8.38,8.19,7.81,8.26,
1974-08-01,,,9.36,,8.66,8.63,8.41,8.04,8.60,
1974-09-01,,,8.87,,8.41,8.37,8.25,8.04,8.59,
1974-10-01,,,8.05,,8.00,7.97,7.92,7.90,8.37,
1974-11-01,,,7.66,,7.61,7.68,7.68,7.68,7.98,
1974-12-01,,,7.31,,7.24,7.31,7.38,7.43,7.91,
1975-01-01,,,6.83,,7.23,7.41,7.45,7.50,7.88,
1975-02-01,,,5.98,,6.65,7.11,7.30,7.39,7.71,
1975-03-01,,,6.11,,6.81,7.30,7.58,7.73,7.99,
1975-04-01,,,6.90,,7.76,7.99,8.10,8.23,8.36,
1975-05-01,,,6.39,,7.39,7.72,7.90,8.06,8.22,
1975-06-01,,,6.29,,7.17,7.51,7.69,7.86,8.04,
1975-07-01,,,7.11,,7.72,7.92,7.99,8.06,8.17,
1975-08-01,,,7.70,,8.16,8.33,8.37,8.40,8.50,
1975-09-01,,,7.75,,8.29,8.37,8.39,8.43,8.57,
1975-10-01,,,6.95,,7.81,7.97,8.06,8.14,8.35,
1975-11-01,,,6.49,,7.46,7.80,7.98,8.05,8.28,
1975-12-01,,,6.60,,7.43,7.76,7.93,8.00,8.23,
1976-01-01,,,5.81,,6.99,7.46,7.67,7.74,8.01,
1976-02-01,,,5.91,,7.06,7.45,7.72,7.79,8.03,
1976-03-01,,,6.21,,7.13,7.49,7.65,7.73,7.97,
1976-04-01,,,5.92,,6.84,7.25,7.44,7.56,7.86,
1976-05-01,,,6.40,,7.27,7.59,7.77,7.90,8.13,
1976-06-01,,,6.52,7.06,7.31,7.61,7.75,7.86,8.03,
1976-07-01,,,6.20,6.85,7.12,7.49,7.70,7.83,8.00,
1976-08-01,,,6.00,6.63,6.86,7.31,7.58,7.77,7.91,
1976-09-01,,,5.84,6.42,6.66,7.13,7.41,7.59,7.78,
1976-10-01,,,5.50,5.98,6.24,6.75,7.16,7.41,7.70,
1976-11-01,,,5.29,5.81,6.09,6.52,6.86,7.29,7.64,
1976-12-01,,,4.89,5.38,5.68,6.10,6.37,6.87,7.30,
1977-01-01,,,5.29,5.90,6.22,6.58,6.92,7.21,7.48,
1977-02-01,,,5.47,6.09,6.44,6.83,7.16,7.39,7.64,7.75
1977-03-01,,,5.50,6.09,6.47,6.93,7.20,7.46,7.73,7.80
1977-04-01,,,5.44,5.96,6.31,6.79,7.11,7.37,7.67,7.73
1977-05-01,,,5.84,6.25,6.55,6.94,7.26,7.46,7.74,7.80
1977-06-01,,,5.80,6.13,6.39,6.76,7.05,7.28,7.64,7.64
1977-07-01,,,5.94,6.27,6.51,6.84,7.12,7.33,7.60,7.64
1977-08-01,,,6.37,6.61,6.79,7.03,7.24,7.40,7.64,7.68
1977-09-01,,,6.53,6.71,6.84,7.04,7.21,7.34,7.57,7.64
1977-10-01,,,6.97,7.11,7.19,7.32,7.44,7.52,7.71,7.77
1977-11-01,,,6.95,7.14,7.22,7.34,7.46,7.58,7.76,7.85
1977-12-01,,,6.96,7.18,7.30,7.48,7.59,7.69,7.87,7.94
1978-01-01,,,7.28,7.49,7.61,7.77,7.86,7.96,8.14,8.18
1978-02-01,,,7.34,7.57,7.67,7.83,7.94,8.03,8.22,8.25
1978-03-01,,,7.31,7.58,7.70,7.86,7.95,8.04,8.21,8.23
1978-04-01,,,7.45,7.74,7.85,7.98,8.06,8.15,8.32,8.34
1978-05-01,,,7.82,8.01,8.07,8.18,8.25,8.35,8.44,8.43
1978-06-01,,,8.09,8.24,8.30,8.36,8.40,8.46,8.53,8.50
1978-07-01,,,8.39,8.49,8.54,8.54,8.55,8.64,8.69,8.65
1978-08-01,,,8.31,8.37,8.33,8.33,8.38,8.41,8.45,8.47
1978-09-01,,,8.64,8.57,8.41,8.43,8.42,8.42,8.47,8.47
1978-10-01,,,9.14,8.85,8.62,8.61,8.64,8.64,8.69,8.67
1978-11-01,,,10.01,9.42,9.04,8.84,8.80,8.81,8.75,8.75
1978-12-01,,,10.30,9.72,9.33,9.08,9.03,9.01,8.90,8.88
1979-01-01,,,10.41,9.86,9.50,9.20,9.14,9.10,8.98,8.94
1979-02-01,,,10.24,9.72,9.29,9.13,9.11,9.10,9.03,9.00
1979-03-01,,,10.25,9.79,9.38,9.20,9.15,9.12,9.08,9.03
1979-04-01,,,10.12,9.78,9.43,9.25,9.21,9.18,9.12,9.08
1979-05-01,,,10.12,9.78,9.42,9.24,9.23,9.25,9.21,9.19
1979-06-01,,,9.57,9.22,8.95,8.85,8.86,8.91,8.91,8.92
1979-07-01,,,9.64,9.14,8.94,8.90,8.92,8.95,8.92,8.93
1979-08-01,,,9.98,9.46,9.14,9.06,9.05,9.03,8.97,8.98
1979-09-01,,,10.84,10.06,9.69,9.41,9.38,9.33,9.21,9.17
1979-10-01,,,12.44,11.49,10.95,10.63,10.47,10.30,9.99,9.85
1979-11-01,,,12.39,11.81,11.18,10.93,10.80,10.65,10.37,10.30
1979-12-01,,,11.98,11.39,10.71,10.42,10.42,10.39,10.18,10.12
1980-01-01,,,12.06,11.50,10.88,10.74,10.77,10.80,10.65,10.60
1980-02-01,,,13.92,13.42,12.84,12.60,12.53,12.41,12.21,12.13
1980-03-01,,,15.82,14.88,14.05,13.47,13.00,12.75,12.49,12.34
1980-04-01,,,13.30,12.50,12.02,11.84,11.49,11.47,11.42,11.40
1980-05-01,,,9.39,9.45,9.44,9.95,10.09,10.18,10.44,10.36
1980-06-01,,,8.16,8.73,8.91,9.21,9.45,9.78,9.89,9.81
1980-07-01,,,8.65,9.03,9.27,9.53,9.84,10.25,10.32,10.24
1980-08-01,,,10.24,10.53,10.63,10.84,10.95,11.10,11.07,11.00
1980-09-01,,,11.52,11.57,11.57,11.62,11.57,11.51,11.47,11.34
1980-10-01,,,12.49,12.09,12.01,11.86,11.79,11.75,11.75,11.59
1980-11-01,,,14.15,13.51,13.31,12.83,12.71,12.68,12.44,12.37
1980-12-01,,,14.88,14.08,13.65,13.25,13.00,12.84,12.49,12.40
1981-01-01,,,14.08,13.26,13.01,12.77,12.66,12.57,12.29,12.14
1981-02-01,,,14.57,13.92,13.65,13.41,13.28,13.19,12.98,12.80
1981-03-01,,,13.71,13.57,13.51,13.41,13.24,13.12,12.94,12.69
1981-04-01,,,14.32,14.15,14.09,13.99,13.85,13.68,13.46,13.20
1981-05-01,,,16.20,15.46,15.08,14.63,14.30,14.10,13.82,13.60
1981-06-01,,,14.86,14.51,14.29,13.95,13.67,13.47,13.20,12.96
1981-07-01,,,15.72,15.35,15.15,14.79,14.49,14.28,13.92,13.59
1981-08-01,,,16.72,16.28,16.00,15.56,15.22,14.94,14.52,14.17
1981-09-01,,,16.52,16.46,16.22,15.93,15.65,15.32,15.07,14.67
1981-10-01,,,15.38,15.54,15.50,15.41,15.33,15.15,15.13,14.68
1981-11-01,,,12.41,12.88,13.11,13.38,13.42,13.39,13.56,13.35
1981-12-01,,,12.85,13.29,13.66,13.60,13.62,13.72,13.73,13.45
1982-01-01,,12.92,14.32,14.57,14.64,14.65,14.67,14.59,14.57,14.22
1982-02-01,,14.28,14.73,14.82,14.73,14.54,14.46,14.43,14.48,14.22
1982-03-01,,13.31,13.95,14.19,14.13,13.98,13.93,13.86,13.75,13.53
1982-04-01,,13.34,13.98,14.20,14.18,14.00,13.94,13.87,13.57,13.37
1982-05-01,,12.71,13.34,13.78,13.77,13.75,13.74,13.62,13.46,13.24
1982-06-01,,13.08,14.07,14.47,14.48,14.43,14.47,14.30,14.18,13.92
1982-07-01,,11.86,13.24,13.80,14.00,14.07,14.07,13.95,13.76,13.55
1982-08-01,,9.00,11.43,12.32,12.62,13.00,13.14,13.06,12.91,12.77
1982-09-01,,8.19,10.85,11.78,12.03,12.25,12.36,12.34,12.16,12.07
1982-10-01,,7.97,9.32,10.19,10.62,10.80,10.88,10.91,10.97,11.17
1982-11-01,,8.35,9.16,9.80,9.98,10.38,10.53,10.55,10.57,10.54
1982-12-01,,8.20,8.91,9.66,9.88,10.22,10.49,10.54,10.62,10.54
1983-01-01,,8.12,8.62,9.33,9.64,10.03,10.36,10.46,10.78,10.63
1983-02-01,,8.39,8.92,9.64,9.91,10.26,10.56,10.72,11.03,10.88
1983-03-01,,8.66,9.04,9.66,9.84,10.08,10.31,10.51,10.80,10.63
1983-04-01,,8.51,8.98,9.57,9.76,10.02,10.29,10.40,10.63,10.48
1983-05-01,,8.50,8.90,9.49,9.66,10.03,10.30,10.38,10.67,10.53
1983-06-01,,9.14,9.66,10.18,10.32,10.63,10.83,10.85,11.12,10.93
1983-07-01,,9.45,10.20,10.69,10.90,11.21,11.35,11.38,11.59,11.40
1983-08-01,,9.74,10.53,11.07,11.30,11.63,11.77,11.85,11.96,11.82
1983-09-01,,9.36,10.16,10.79,11.07,11.43,11.61,11.65,11.82,11.63
1983-10-01,,8.99,9.81,10.57,10.87,11.28,11.47,11.54,11.77,11.58
1983-11-01,,9.11,9.94,10.66,10.96,11.41,11.61,11.69,11.92,11.75
1983-12-01,,9.36,10.11,10.84,11.13,11.54,11.78,11.83,12.02,11.88
1984-01-01,,9.26,9.90,10.64,10.93,11.37,11.58,11.67,11.82,11.75
1984-02-01,,9.46,10.04,10.79,11.05,11.54,11.75,11.84,12.00,11.95
1984-03-01,,9.89,10.59,11.31,11.59,12.02,12.25,12.32,12.45,12.38
1984-04-01,,10.07,10.90,11.69,11.98,12.37,12.56,12.63,12.65,12.65
1984-05-01,,10.22,11.66,12.47,12.75,13.17,13.34,13.41,13.43,13.43
1984-06-01,,10.26,12.08,12.91,13.18,13.48,13.56,13.56,13.54,13.44
1984-07-01,,10.53,12.03,12.88,13.08,13.27,13.35,13.36,13.36,13.21
1984-08-01,,10.90,11.82,12.43,12.50,12.68,12.75,12.72,12.71,12.54
1984-09-01,,10.80,11.58,12.20,12.34,12.53,12.60,12.52,12.42,12.29
1984-10-01,,10.12,10.90,11.60,11.85,12.06,12.16,12.16,12.04,11.98
1984-11-01,,8.92,9.82,10.65,10.90,11.33,11.49,11.57,11.66,11.56
1984-12-01,,8.34,9.33,10.18,10.56,11.07,11.45,11.50,11.64,11.52
1985-01-01,,8.02,9.02,9.93,10.43,10.93,11.27,11.38,11.58,11.45
1985-02-01,,8.56,9.29,10.17,10.55,11.13,11.44,11.51,11.70,11.47
1985-03-01,,8.83,9.86,10.71,11.05,11.52,11.82,11.86,12.06,11.81
1985-04-01,,8.22,9.14,10.09,10.49,11.01,11.34,11.43,11.69,11.47
1985-05-01,,7.73,8.46,9.39,9.75,10.34,10.72,10.85,11.19,11.05
1985-06-01,,7.18,7.80,8.69,9.05,9.60,10.08,10.16,10.57,10.45
1985-07-01,,7.32,7.86,8.77,9.18,9.70,10.16,10.31,10.68,10.50
1985-08-01,,7.37,8.05,8.94,9.31,9.81,10.20,10.33,10.73,10.56
1985-09-01,,7.33,8.07,8.98,9.37,9.81,10.24,10.37,10.80,10.61
1985-10-01,,7.40,8.01,8.86,9.25,9.69,10.11,10.24,10.67,10.50
1985-11-01,,7.48,7.88,8.58,8.88,9.28,9.62,9.78,10.24,10.06
1985-12-01,,7.33,7.67,8.15,8.40,8.73,9.11,9.26,9.75,9.54
1986-01-01,,7.30,7.73,8.14,8.41,8.68,9.03,9.19,9.59,9.40
1986-02-01,,7.29,7.61,7.97,8.10,8.34,8.58,8.70,9.08,8.93
1986-03-01,,6.76,7.03,7.21,7.30,7.46,7.67,7.78,8.09,7.96
1986-04-01,,6.24,6.44,6.70,6.86,7.05,7.16,7.30,7.50,7.39
1986-05-01,,6.33,6.65,7.07,7.27,7.52,7.65,7.71,7.81,7.52
1986-06-01,,6.40,6.73,7.18,7.41,7.64,7.75,7.80,7.69,7.57
1986-07-01,,6.00,6.27,6.67,6.86,7.06,7.22,7.30,7.29,7.27
1986-08-01,,5.69,5.93,6.33,6.49,6.80,7.01,7.17,7.28,7.33
1986-09-01,,5.35,5.77,6.35,6.62,6.92,7.28,7.45,7.56,7.62
1986-10-01,,5.32,5.72,6.28,6.56,6.83,7.24,7.43,7.61,7.70
1986-11-01,,5.50,5.80,6.28,6.46,6.76,7.08,7.25,7.42,7.52
1986-12-01,,5.68,5.87,6.27,6.43,6.67,6.97,7.11,7.28,7.37
1987-01-01,,5.58,5.78,6.23,6.41,6.64,6.92,7.08,#N/A,7.39
1987-02-01,,5.75,5.96,6.40,6.56,6.79,7.06,7.25,#N/A,7.54
1987-03-01,,5.77,6.03,6.42,6.58,6.79,7.06,7.25,#N/A,7.55
1987-04-01,,5.82,6.50,7.02,7.32,7.57,7.83,8.02,#N/A,8.25
1987-05-01,,5.85,7.00,7.76,8.02,8.26,8.47,8.61,#N/A,8.78
1987-06-01,,5.85,6.80,7.57,7.82,8.02,8.27,8.40,#N/A,8.57
1987-07-01,,5.88,6.68,7.44,7.74,8.01,8.27,8.45,#N/A,8.64
1987-08-01,,6.23,7.03,7.75,8.03,8.32,8.59,8.76,#N/A,8.97
1987-09-01,,6.62,7.67,8.34,8.67,8.94,9.26,9.42,#N/A,9.59
1987-10-01,,6.35,7.59,8.40,8.75,9.08,9.37,9.52,#N/A,9.61
1987-11-01,,5.89,6.96,7.69,7.99,8.35,8.69,8.86,#N/A,8.95
1987-12-01,,5.96,7.17,7.86,8.13,8.45,8.82,8.99,#N/A,9.12
1988-01-01,,6.00,6.99,7.63,7.87,8.18,8.48,8.67,#N/A,8.83
1988-02-01,,5.84,6.64,7.18,7.38,7.71,8.02,8.21,#N/A,8.43
1988-03-01,,5.87,6.71,7.27,7.50,7.83,8.19,8.37,#N/A,8.63
1988-04-01,,6.08,7.01,7.59,7.83,8.19,8.52,8.72,#N/A,8.95
1988-05-01,,6.45,7.40,8.00,8.24,8.58,8.89,9.09,#N/A,9.23
1988-06-01,,6.66,7.49,8.03,8.22,8.49,8.78,8.92,#N/A,9.00
1988-07-01,,6.95,7.75,8.28,8.44,8.66,8.91,9.06,#N/A,9.14
1988-08-01,,7.30,8.17,8.63,8.77,8.94,9.13,9.26,#N/A,9.32
1988-09-01,,7.48,8.09,8.46,8.57,8.69,8.87,8.98,#N/A,9.06
1988-10-01,,7.60,8.11,8.35,8.43,8.51,8.69,8.80,#N/A,8.89
1988-11-01,,8.03,8.48,8.67,8.72,8.79,8.89,8.96,#N/A,9.02
1988-12-01,,8.35,8.99,9.09,9.11,9.09,9.13,9.11,#N/A,9.01
1989-01-01,,8.56,9.05,9.18,9.20,9.15,9.14,9.09,#N/A,8.93
1989-02-01,,8.84,9.25,9.37,9.32,9.27,9.23,9.17,#N/A,9.01
1989-03-01,,9.14,9.57,9.68,9.61,9.51,9.43,9.36,#N/A,9.17
1989-04-01,,8.96,9.36,9.45,9.40,9.30,9.24,9.18,#N/A,9.03
1989-05-01,,8.74,8.98,9.02,8.98,8.91,8.88,8.86,#N/A,8.83
1989-06-01,,8.43,8.44,8.41,8.37,8.29,8.31,8.28,#N/A,8.27
1989-07-01,,8.15,7.89,7.82,7.83,7.83,7.94,8.02,#N/A,8.08
1989-08-01,,8.17,8.18,8.14,8.13,8.09,8.11,8.11,#N/A,8.12
1989-09-01,,8.01,8.22,8.28,8.26,8.17,8.23,8.19,#N/A,8.15
1989-10-01,,7.90,7.99,7.98,8.02,7.97,8.03,8.01,#N/A,8.00
1989-11-01,,7.94,7.77,7.80,7.80,7.81,7.86,7.87,#N/A,7.90
1989-12-01,,7.88,7.72,7.78,7.77,7.75,7.85,7.84,#N/A,7.90
1990-01-01,,7.90,7.92,8.09,8.13,8.12,8.20,8.21,#N/A,8.26
1990-02-01,,8.00,8.11,8.37,8.39,8.42,8.48,8.47,#N/A,8.50
1990-03-01,,8.17,8.35,8.63,8.63,8.60,8.65,8.59,#N/A,8.56
1990-04-01,,8.04,8.40,8.72,8.78,8.77,8.81,8.79,#N/A,8.76
1990-05-01,,8.01,8.32,8.64,8.69,8.74,8.78,8.76,#N/A,8.73
1990-06-01,,7.99,8.10,8.35,8.40,8.43,8.52,8.48,#N/A,8.46
1990-07-01,,7.87,7.94,8.16,8.26,8.33,8.46,8.47,#N/A,8.50
1990-08-01,,7.69,7.78,8.06,8.22,8.44,8.64,8.75,#N/A,8.86
1990-09-01,,7.60,7.76,8.08,8.27,8.51,8.79,8.89,#N/A,9.03
1990-10-01,,7.40,7.55,7.88,8.07,8.33,8.59,8.72,#N/A,8.86
1990-11-01,,7.29,7.31,7.60,7.74,8.02,8.28,8.39,#N/A,8.54
1990-12-01,,6.95,7.05,7.31,7.47,7.73,8.00,8.08,#N/A,8.24
1991-01-01,,6.41,6.64,7.13,7.38,7.70,7.97,8.09,#N/A,8.27
1991-02-01,,6.12,6.27,6.87,7.08,7.47,7.73,7.85,#N/A,8.03
1991-03-01,,6.09,6.40,7.10,7.35,7.77,8.00,8.11,#N/A,8.29
1991-04-01,,5.83,6.24,6.95,7.23,7.70,7.92,8.04,#N/A,8.21
1991-05-01,,5.63,6.13,6.78,7.12,7.70,7.94,8.07,#N/A,8.27
1991-06-01,,5.75,6.36,6.96,7.39,7.94,8.17,8.28,#N/A,8.47
1991-07-01,,5.75,6.31,6.92,7.38,7.91,8.15,8.27,#N/A,8.45
1991-08-01,,5.50,5.78,6.43,6.80,7.43,7.74,7.90,#N/A,8.14
1991-09-01,,5.37,5.57,6.18,6.50,7.14,7.48,7.65,#N/A,7.95
1991-10-01,,5.14,5.33,5.91,6.23,6.87,7.25,7.53,#N/A,7.93
1991-11-01,,4.69,4.89,5.56,5.90,6.62,7.06,7.42,#N/A,7.92
1991-12-01,,4.18,4.38,5.03,5.39,6.19,6.69,7.09,#N/A,7.70
1992-01-01,,3.91,4.15,4.96,5.40,6.24,6.70,7.03,#N/A,7.58
1992-02-01,,3.95,4.29,5.21,5.72,6.58,6.96,7.34,#N/A,7.85
1992-03-01,,4.14,4.63,5.69,6.18,6.95,7.26,7.54,#N/A,7.97
1992-04-01,,3.84,4.30,5.34,5.93,6.78,7.15,7.48,#N/A,7.96
1992-05-01,,3.72,4.19,5.23,5.81,6.69,7.06,7.39,#N/A,7.89
1992-06-01,,3.75,4.17,5.05,5.60,6.48,6.90,7.26,#N/A,7.84
1992-07-01,,3.28,3.60,4.36,4.91,5.84,6.36,6.84,#N/A,7.60
1992-08-01,,3.20,3.47,4.19,4.72,5.60,6.12,6.59,#N/A,7.39
1992-09-01,,2.97,3.18,3.89,4.42,5.38,5.96,6.42,#N/A,7.34
1992-10-01,,2.93,3.30,4.08,4.64,5.60,6.15,6.59,#N/A,7.53
1992-11-01,,3.21,3.68,4.58,5.14,6.04,6.49,6.87,#N/A,7.61
1992-12-01,,3.29,3.71,4.67,5.21,6.08,6.46,6.77,#N/A,7.44
1993-01-01,,3.07,3.50,4.39,4.93,5.83,6.26,6.60,#N/A,7.34
1993-02-01,,2.99,3.39,4.10,4.58,5.43,5.87,6.26,#N/A,7.09
1993-03-01,,3.01,3.33,3.95,4.40,5.19,5.66,5.98,#N/A,6.82
1993-04-01,,2.93,3.24,3.84,4.30,5.13,5.59,5.97,#N/A,6.85
1993-05-01,,3.03,3.36,3.98,4.40,5.20,5.66,6.04,#N/A,6.92
1993-06-01,,3.14,3.54,4.16,4.53,5.22,5.61,5.96,#N/A,6.81
1993-07-01,,3.11,3.47,4.07,4.43,5.09,5.48,5.81,#N/A,6.63
1993-08-01,,3.09,3.44,4.00,4.36,5.03,5.35,5.68,#N/A,6.32
1993-09-01,,3.01,3.36,3.85,4.17,4.73,5.08,5.36,#N/A,6.00
1993-10-01,,3.09,3.39,3.87,4.18,4.71,5.05,5.33,6.07,5.94
1993-11-01,,3.18,3.58,4.16,4.50,5.06,5.45,5.72,6.38,6.21
1993-12-01,,3.13,3.61,4.21,4.54,5.15,5.48,5.77,6.40,6.25
1994-01-01,,3.04,3.54,4.14,4.48,5.09,5.43,5.75,6.39,6.29
1994-02-01,,3.33,3.87,4.47,4.83,5.40,5.72,5.97,6.57,6.49
1994-03-01,,3.59,4.32,5.00,5.40,5.94,6.28,6.48,7.00,6.91
1994-04-01,,3.78,4.82,5.55,5.99,6.52,6.80,6.97,7.40,7.27
1994-05-01,,4.27,5.31,5.97,6.34,6.78,7.01,7.18,7.54,7.41
1994-06-01,,4.25,5.27,5.93,6.27,6.70,6.91,7.10,7.51,7.40
1994-07-01,,4.46,5.48,6.13,6.48,6.91,7.12,7.30,7.67,7.58
1994-08-01,,4.61,5.56,6.18,6.50,6.88,7.06,7.24,7.62,7.49
1994-09-01,,4.75,5.76,6.39,6.69,7.08,7.28,7.46,7.87,7.71
1994-10-01,,5.10,6.11,6.73,7.04,7.40,7.58,7.74,8.08,7.94
1994-11-01,,5.45,6.54,7.15,7.44,7.72,7.83,7.96,8.20,8.08
1994-12-01,,5.76,7.14,7.59,7.71,7.78,7.80,7.81,7.99,7.87
1995-01-01,,5.90,7.05,7.51,7.66,7.76,7.79,7.78,7.97,7.85
1995-02-01,,5.94,6.70,7.11,7.25,7.37,7.44,7.47,7.73,7.61
1995-03-01,,5.91,6.43,6.78,6.89,7.05,7.14,7.20,7.57,7.45
1995-04-01,,5.84,6.27,6.57,6.68,6.86,6.95,7.06,7.45,7.36
1995-05-01,,5.85,6.00,6.17,6.27,6.41,6.50,6.63,7.01,6.95
1995-06-01,,5.64,5.64,5.72,5.80,5.93,6.05,6.17,6.59,6.57
1995-07-01,,5.59,5.59,5.78,5.89,6.01,6.20,6.28,6.74,6.72
1995-08-01,,5.57,5.75,5.98,6.10,6.24,6.41,6.49,6.92,6.86
1995-09-01,,5.43,5.62,5.81,5.89,6.00,6.13,6.20,6.65,6.55
1995-10-01,,5.44,5.59,5.70,5.77,5.86,5.97,6.04,6.45,6.37
1995-11-01,,5.52,5.43,5.48,5.57,5.69,5.83,5.93,6.33,6.26
1995-12-01,,5.29,5.31,5.32,5.39,5.51,5.63,5.71,6.12,6.06
1996-01-01,,5.15,5.09,5.11,5.20,5.36,5.54,5.65,6.11,6.05
1996-02-01,,4.96,4.94,5.03,5.14,5.38,5.64,5.81,6.30,6.24
1996-03-01,,5.10,5.34,5.66,5.79,5.97,6.19,6.27,6.74,6.60
1996-04-01,,5.09,5.54,5.96,6.11,6.30,6.48,6.51,6.98,6.79
1996-05-01,,5.15,5.64,6.10,6.27,6.48,6.66,6.74,7.11,6.93
1996-06-01,,5.23,5.81,6.30,6.49,6.69,6.83,6.91,7.22,7.06
1996-07-01,,5.30,5.85,6.27,6.45,6.64,6.76,6.87,7.14,7.03
1996-08-01,,5.19,5.67,6.03,6.21,6.39,6.52,6.64,6.97,6.84
1996-09-01,,5.24,5.83,6.23,6.41,6.60,6.73,6.83,7.17,7.03
1996-10-01,,5.12,5.55,5.91,6.08,6.27,6.42,6.53,6.90,6.81
1996-11-01,,5.17,5.42,5.70,5.82,5.97,6.10,6.20,6.58,6.48
1996-12-01,,5.04,5.47,5.78,5.91,6.07,6.20,6.30,6.65,6.55
1997-01-01,,5.17,5.61,6.01,6.16,6.33,6.47,6.58,6.91,6.83
1997-02-01,,5.14,5.53,5.90,6.03,6.20,6.32,6.42,6.77,6.69
1997-03-01,,5.28,5.80,6.22,6.38,6.54,6.65,6.69,7.05,6.93
1997-04-01,,5.30,5.99,6.45,6.61,6.76,6.86,6.89,7.20,7.09
1997-05-01,,5.20,5.87,6.28,6.42,6.57,6.66,6.71,7.02,6.94
1997-06-01,,5.07,5.69,6.09,6.24,6.38,6.46,6.49,6.84,6.77
1997-07-01,,5.19,5.54,5.89,6.00,6.12,6.20,6.22,6.56,6.51
1997-08-01,,5.28,5.56,5.94,6.06,6.16,6.29,6.30,6.65,6.58
1997-09-01,,5.08,5.52,5.88,5.98,6.11,6.20,6.21,6.56,6.50
1997-10-01,,5.11,5.46,5.77,5.84,5.93,6.05,6.03,6.38,6.33
1997-11-01,,5.28,5.46,5.71,5.76,5.80,5.90,5.88,6.20,6.11
1997-12-01,,5.30,5.53,5.72,5.74,5.77,5.83,5.81,6.07,5.99
1998-01-01,,5.18,5.24,5.36,5.38,5.42,5.53,5.54,5.88,5.81
1998-02-01,,5.23,5.31,5.42,5.43,5.49,5.60,5.57,5.96,5.89
1998-03-01,,5.16,5.39,5.56,5.57,5.61,5.71,5.65,6.01,5.95
1998-04-01,,5.08,5.38,5.56,5.58,5.61,5.70,5.64,6.00,5.92
1998-05-01,,5.14,5.44,5.59,5.61,5.63,5.72,5.65,6.01,5.93
1998-06-01,,5.12,5.41,5.52,5.52,5.52,5.56,5.50,5.80,5.70
1998-07-01,,5.09,5.36,5.46,5.47,5.46,5.52,5.46,5.78,5.68
1998-08-01,,5.04,5.21,5.27,5.24,5.27,5.36,5.34,5.66,5.54
1998-09-01,,4.74,4.71,4.67,4.62,4.62,4.76,4.81,5.38,5.20
1998-10-01,,4.07,4.12,4.09,4.18,4.18,4.46,4.53,5.30,5.01
1998-11-01,,4.53,4.53,4.54,4.57,4.54,4.78,4.83,5.48,5.25
1998-12-01,,4.50,4.52,4.51,4.48,4.45,4.65,4.65,5.36,5.06
1999-01-01,,4.45,4.51,4.62,4.61,4.60,4.80,4.72,5.45,5.16
1999-02-01,,4.56,4.70,4.88,4.90,4.91,5.10,5.00,5.66,5.37
1999-03-01,,4.57,4.78,5.05,5.11,5.14,5.36,5.23,5.87,5.58
1999-04-01,,4.41,4.69,4.98,5.03,5.08,5.28,5.18,5.82,5.55
1999-05-01,,4.63,4.85,5.25,5.33,5.44,5.64,5.54,6.08,5.81
1999-06-01,,4.72,5.10,5.62,5.70,5.81,6.05,5.90,6.36,6.04
1999-07-01,,4.69,5.03,5.55,5.62,5.68,5.94,5.79,6.28,5.98
1999-08-01,,4.87,5.20,5.68,5.77,5.84,6.15,5.94,6.43,6.07
1999-09-01,,4.82,5.25,5.66,5.75,5.80,6.12,5.92,6.50,6.07
1999-10-01,,5.02,5.43,5.86,5.94,6.03,6.33,6.11,6.66,6.26
1999-11-01,,5.23,5.55,5.86,5.92,5.97,6.17,6.03,6.48,6.15
1999-12-01,,5.36,5.84,6.10,6.14,6.19,6.38,6.28,6.69,6.35
2000-01-01,,5.50,6.12,6.44,6.49,6.58,6.70,6.66,6.86,6.63
2000-02-01,,5.73,6.22,6.61,6.65,6.68,6.72,6.52,6.54,6.23
2000-03-01,,5.86,6.22,6.53,6.53,6.50,6.51,6.26,6.38,6.05
2000-04-01,,5.82,6.15,6.40,6.36,6.26,6.27,5.99,6.18,5.85
2000-05-01,,5.99,6.33,6.81,6.77,6.69,6.69,6.44,6.55,6.15
2000-06-01,,5.86,6.17,6.48,6.43,6.30,6.33,6.10,6.28,5.93
2000-07-01,,6.14,6.08,6.34,6.28,6.18,6.22,6.05,6.20,5.85
2000-08-01,,6.28,6.18,6.23,6.17,6.06,6.05,5.83,6.02,5.72
2000-09-01,,6.18,6.13,6.08,6.02,5.93,5.98,5.80,6.09,5.83
2000-10-01,,6.29,6.01,5.91,5.85,5.78,5.84,5.74,6.04,5.80
2000-11-01,,6.36,6.09,5.88,5.79,5.70,5.78,5.72,5.98,5.78
2000-12-01,,5.94,5.60,5.35,5.26,5.17,5.28,5.24,5.64,5.49
2001-01-01,,5.29,4.81,4.76,4.77,4.86,5.13,5.16,5.65,5.54
2001-02-01,,5.01,4.68,4.66,4.71,4.89,5.10,5.10,5.62,5.45
2001-03-01,,4.54,4.30,4.34,4.43,4.64,4.88,4.89,5.49,5.34
2001-04-01,,3.97,3.98,4.23,4.42,4.76,5.03,5.14,5.78,5.65
2001-05-01,,3.70,3.78,4.26,4.51,4.93,5.24,5.39,5.92,5.78
2001-06-01,,3.57,3.58,4.08,4.35,4.81,5.14,5.28,5.82,5.67
2001-07-01,3.67,3.59,3.62,4.04,4.31,4.76,5.06,5.24,5.75,5.61
2001-08-01,3.53,3.44,3.47,3.76,4.04,4.57,4.84,4.97,5.58,5.48
2001-09-01,2.68,2.69,2.82,3.12,3.45,4.12,4.51,4.73,5.53,5.48
2001-10-01,2.27,2.20,2.33,2.73,3.14,3.91,4.31,4.57,5.34,5.32
2001-11-01,1.99,1.91,2.18,2.78,3.22,3.97,4.42,4.65,5.33,5.12
2001-12-01,1.72,1.72,2.22,3.11,3.62,4.39,4.86,5.09,5.76,5.48
2002-01-01,1.68,1.68,2.16,3.03,3.56,4.34,4.79,5.04,5.69,5.45
2002-02-01,1.74,1.76,2.23,3.02,3.55,4.30,4.71,4.91,5.61,5.40
2002-03-01,1.79,1.83,2.57,3.56,4.14,4.74,5.14,5.28,5.93,#N/A
2002-04-01,1.72,1.75,2.48,3.42,4.01,4.65,5.02,5.21,5.85,#N/A
2002-05-01,1.74,1.76,2.35,3.26,3.80,4.49,4.90,5.16,5.81,#N/A
2002-06-01,1.72,1.73,2.20,2.99,3.49,4.19,4.60,4.93,5.65,#N/A
2002-07-01,1.72,1.71,1.96,2.56,3.01,3.81,4.30,4.65,5.51,#N/A
2002-08-01,1.68,1.65,1.76,2.13,2.52,3.29,3.88,4.26,5.19,#N/A
2002-09-01,1.67,1.66,1.72,2.00,2.32,2.94,3.50,3.87,4.87,#N/A
2002-10-01,1.62,1.61,1.65,1.91,2.25,2.95,3.54,3.94,5.00,#N/A
2002-11-01,1.26,1.25,1.49,1.92,2.32,3.05,3.64,4.05,5.04,#N/A
2002-12-01,1.20,1.21,1.45,1.84,2.23,3.03,3.63,4.03,5.01,#N/A
2003-01-01,1.17,1.19,1.36,1.74,2.18,3.05,3.60,4.05,5.02,#N/A
2003-02-01,1.20,1.19,1.30,1.63,2.05,2.90,3.45,3.90,4.87,#N/A
2003-03-01,1.18,1.15,1.24,1.57,1.98,2.78,3.34,3.81,4.82,#N/A
2003-04-01,1.16,1.15,1.27,1.62,2.06,2.93,3.47,3.96,4.91,#N/A
2003-05-01,1.08,1.09,1.18,1.42,1.75,2.52,3.07,3.57,4.52,#N/A
2003-06-01,0.97,0.94,1.01,1.23,1.51,2.27,2.84,3.33,4.34,#N/A
2003-07-01,0.90,0.92,1.12,1.47,1.93,2.87,3.45,3.98,4.92,#N/A
2003-08-01,0.95,0.97,1.31,1.86,2.44,3.37,3.96,4.45,5.39,#N/A
2003-09-01,0.91,0.96,1.24,1.71,2.23,3.18,3.74,4.27,5.21,#N/A
2003-10-01,0.91,0.94,1.25,1.75,2.26,3.19,3.75,4.29,5.21,#N/A
2003-11-01,0.94,0.95,1.34,1.93,2.45,3.29,3.81,4.30,5.17,#N/A
2003-12-01,0.89,0.91,1.31,1.91,2.44,3.27,3.79,4.27,5.11,#N/A
2004-01-01,0.85,0.90,1.24,1.76,2.27,3.12,3.65,4.15,5.01,#N/A
2004-02-01,0.92,0.94,1.24,1.74,2.25,3.07,3.59,4.08,4.94,#N/A
2004-03-01,0.96,0.95,1.19,1.58,2.00,2.79,3.31,3.83,4.72,#N/A
2004-04-01,0.91,0.96,1.43,2.07,2.57,3.39,3.89,4.35,5.16,#N/A
2004-05-01,0.91,1.04,1.78,2.53,3.10,3.85,4.31,4.72,5.46,#N/A
2004-06-01,1.05,1.29,2.12,2.76,3.26,3.93,4.35,4.73,5.45,#N/A
2004-07-01,1.19,1.36,2.10,2.64,3.05,3.69,4.11,4.50,5.24,#N/A
2004-08-01,1.37,1.50,2.02,2.51,2.88,3.47,3.90,4.28,5.07,#N/A
2004-09-01,1.55,1.68,2.12,2.53,2.83,3.36,3.75,4.13,4.89,#N/A
2004-10-01,1.63,1.79,2.23,2.58,2.85,3.35,3.75,4.10,4.85,#N/A
2004-11-01,1.92,2.11,2.50,2.85,3.09,3.53,3.88,4.19,4.89,#N/A
2004-12-01,1.96,2.22,2.67,3.01,3.21,3.60,3.93,4.23,4.88,#N/A
2005-01-01,2.05,2.37,2.86,3.22,3.39,3.71,3.97,4.22,4.77,#N/A
2005-02-01,2.36,2.58,3.03,3.38,3.54,3.77,3.97,4.17,4.61,#N/A
2005-03-01,2.65,2.80,3.30,3.73,3.91,4.17,4.33,4.50,4.89,#N/A
2005-04-01,2.64,2.84,3.32,3.65,3.79,4.00,4.16,4.34,4.75,#N/A
2005-05-01,2.65,2.90,3.33,3.64,3.72,3.85,3.94,4.14,4.56,#N/A
2005-06-01,2.83,3.04,3.36,3.64,3.69,3.77,3.86,4.00,4.35,#N/A
2005-07-01,3.10,3.29,3.64,3.87,3.91,3.98,4.06,4.18,4.48,#N/A
2005-08-01,3.34,3.52,3.87,4.04,4.08,4.12,4.18,4.26,4.53,#N/A
2005-09-01,3.23,3.49,3.85,3.95,3.96,4.01,4.08,4.20,4.51,#N/A
2005-10-01,3.51,3.79,4.18,4.27,4.29,4.33,4.38,4.46,4.74,#N/A
2005-11-01,3.91,3.97,4.33,4.42,4.43,4.45,4.48,4.54,4.83,#N/A
2005-12-01,3.69,3.97,4.35,4.40,4.39,4.39,4.41,4.47,4.73,#N/A
2006-01-01,4.12,4.34,4.45,4.40,4.35,4.35,4.37,4.42,4.65,#N/A
2006-02-01,4.38,4.54,4.68,4.67,4.64,4.57,4.56,4.57,4.73,4.54
2006-03-01,4.55,4.63,4.77,4.73,4.74,4.72,4.71,4.72,4.91,4.73
2006-04-01,4.61,4.72,4.90,4.89,4.89,4.90,4.94,4.99,5.22,5.06
2006-05-01,4.70,4.84,5.00,4.97,4.97,5.00,5.03,5.11,5.35,5.20
2006-06-01,4.71,4.92,5.16,5.12,5.09,5.07,5.08,5.11,5.29,5.15
2006-07-01,4.90,5.08,5.22,5.12,5.07,5.04,5.05,5.09,5.25,5.13
2006-08-01,5.16,5.09,5.08,4.90,4.85,4.82,4.83,4.88,5.08,5.00
2006-09-01,4.77,4.93,4.97,4.77,4.69,4.67,4.68,4.72,4.93,4.85
2006-10-01,4.97,5.05,5.01,4.80,4.72,4.69,4.69,4.73,4.94,4.85
2006-11-01,5.21,5.07,5.01,4.74,4.64,4.58,4.58,4.60,4.78,4.69
2006-12-01,4.87,4.97,4.94,4.67,4.58,4.53,4.54,4.56,4.78,4.68
2007-01-01,4.94,5.11,5.06,4.88,4.79,4.75,4.75,4.76,4.95,4.85
2007-02-01,5.18,5.16,5.05,4.85,4.75,4.71,4.71,4.72,4.93,4.82
2007-03-01,5.21,5.08,4.92,4.57,4.51,4.48,4.50,4.56,4.81,4.72
2007-04-01,4.99,5.01,4.93,4.67,4.60,4.59,4.62,4.69,4.95,4.87
2007-05-01,4.82,4.87,4.91,4.77,4.69,4.67,4.69,4.75,4.98,4.90
2007-06-01,4.52,4.74,4.96,4.98,5.00,5.03,5.05,5.10,5.29,5.20
2007-07-01,4.82,4.96,4.96,4.82,4.82,4.88,4.93,5.00,5.19,5.11
2007-08-01,4.20,4.32,4.47,4.31,4.34,4.43,4.53,4.67,5.00,4.93
2007-09-01,3.78,3.99,4.14,4.01,4.06,4.20,4.33,4.52,4.84,4.79
2007-10-01,3.81,4.00,4.10,3.97,4.01,4.20,4.33,4.53,4.83,4.77
2007-11-01,3.68,3.35,3.50,3.34,3.35,3.67,3.87,4.15,4.56,4.52
2007-12-01,2.86,3.07,3.26,3.12,3.13,3.49,3.74,4.10,4.57,4.53
2008-01-01,2.74,2.82,2.71,2.48,2.51,2.98,3.31,3.74,4.35,4.33
2008-02-01,2.27,2.17,2.05,1.97,2.19,2.78,3.21,3.74,4.49,4.52
2008-03-01,1.35,1.28,1.54,1.62,1.80,2.48,2.93,3.51,4.36,4.39
2008-04-01,1.07,1.31,1.74,2.05,2.23,2.84,3.19,3.68,4.44,4.44
2008-05-01,1.76,1.76,2.06,2.45,2.69,3.15,3.46,3.88,4.60,4.60
2008-06-01,1.72,1.89,2.42,2.77,3.08,3.49,3.73,4.10,4.74,4.69
2008-07-01,1.60,1.66,2.28,2.57,2.87,3.30,3.60,4.01,4.62,4.57
2008-08-01,1.68,1.75,2.18,2.42,2.70,3.14,3.46,3.89,4.53,4.50
2008-09-01,0.89,1.15,1.91,2.08,2.32,2.88,3.25,3.69,4.32,4.27
2008-10-01,0.29,0.69,1.42,1.61,1.86,2.73,3.19,3.81,4.45,4.17
2008-11-01,0.09,0.19,1.07,1.21,1.51,2.29,2.82,3.53,4.27,4.00
2008-12-01,0.03,0.03,0.49,0.82,1.07,1.52,1.89,2.42,3.18,2.87
2009-01-01,0.05,0.13,0.44,0.81,1.13,1.60,1.98,2.52,3.46,3.13
2009-02-01,0.22,0.30,0.62,0.98,1.37,1.87,2.30,2.87,3.83,3.59
2009-03-01,0.10,0.22,0.64,0.93,1.31,1.82,2.42,2.82,3.78,3.64
2009-04-01,0.10,0.16,0.55,0.93,1.32,1.86,2.47,2.93,3.84,3.76
2009-05-01,0.14,0.18,0.50,0.93,1.39,2.13,2.81,3.29,4.22,4.23
2009-06-01,0.10,0.18,0.51,1.18,1.76,2.71,3.37,3.72,4.51,4.52
2009-07-01,0.15,0.18,0.48,1.02,1.55,2.46,3.14,3.56,4.38,4.41
2009-08-01,0.12,0.17,0.46,1.12,1.65,2.57,3.21,3.59,4.33,4.37
2009-09-01,0.06,0.12,0.40,0.96,1.48,2.37,3.02,3.40,4.14,4.19
2009-10-01,0.04,0.07,0.37,0.95,1.46,2.33,2.96,3.39,4.16,4.19
2009-11-01,0.05,0.05,0.31,0.80,1.32,2.23,2.92,3.40,4.24,4.31
2009-12-01,0.03,0.05,0.37,0.87,1.38,2.34,3.07,3.59,4.40,4.49
2010-01-01,0.02,0.06,0.35,0.93,1.49,2.48,3.21,3.73,4.50,4.60
2010-02-01,0.06,0.11,0.35,0.86,1.40,2.36,3.12,3.69,4.48,4.62
2010-03-01,0.12,0.15,0.40,0.96,1.51,2.43,3.16,3.73,4.49,4.64
2010-04-01,0.15,0.16,0.45,1.06,1.64,2.58,3.28,3.85,4.53,4.69
2010-05-01,0.15,0.16,0.37,0.83,1.32,2.18,2.86,3.42,4.11,4.29
2010-06-01,0.08,0.12,0.32,0.72,1.17,2.00,2.66,3.20,3.95,4.13
2010-07-01,0.16,0.16,0.29,0.62,0.98,1.76,2.43,3.01,3.80,3.99
2010-08-01,0.15,0.16,0.26,0.52,0.78,1.47,2.10,2.70,3.52,3.80
2010-09-01,0.12,0.15,0.26,0.48,0.74,1.41,2.05,2.65,3.47,3.77
2010-10-01,0.14,0.13,0.23,0.38,0.57,1.18,1.85,2.54,3.52,3.87
2010-11-01,0.13,0.14,0.25,0.45,0.67,1.35,2.02,2.76,3.82,4.19
2010-12-01,0.09,0.14,0.29,0.62,0.99,1.93,2.66,3.29,4.17,4.42
2011-01-01,0.14,0.15,0.27,0.61,1.03,1.99,2.72,3.39,4.28,4.52
2011-02-01,0.11,0.13,0.29,0.77,1.28,2.26,2.96,3.58,4.42,4.65
2011-03-01,0.06,0.10,0.26,0.70,1.17,2.11,2.80,3.41,4.27,4.51
2011-04-01,0.03,0.06,0.25,0.73,1.21,2.17,2.84,3.46,4.28,4.50
2011-05-01,0.02,0.04,0.19,0.56,0.94,1.84,2.51,3.17,4.01,4.29
2011-06-01,0.02,0.04,0.18,0.41,0.71,1.58,2.29,3.00,3.91,4.23
2011-07-01,0.04,0.04,0.19,0.41,0.68,1.54,2.28,3.00,3.95,4.27
2011-08-01,0.02,0.02,0.11,0.23,0.38,1.02,1.63,2.30,3.24,3.65
2011-09-01,0.01,0.01,0.10,0.21,0.35,0.90,1.42,1.98,2.83,3.18
2011-10-01,0.01,0.02,0.11,0.28,0.47,1.06,1.62,2.15,2.87,3.13
2011-11-01,0.01,0.01,0.11,0.25,0.39,0.91,1.45,2.01,2.72,3.02
2011-12-01,0.00,0.01,0.12,0.26,0.39,0.89,1.43,1.98,2.67,2.98
2012-01-01,0.02,0.03,0.12,0.24,0.36,0.84,1.38,1.97,2.70,3.03
2012-02-01,0.06,0.09,0.16,0.28,0.38,0.83,1.37,1.97,2.75,3.11
2012-03-01,0.06,0.08,0.19,0.34,0.51,1.02,1.56,2.17,2.94,3.28
2012-04-01,0.07,0.08,0.18,0.29,0.43,0.89,1.43,2.05,2.82,3.18
2012-05-01,0.07,0.09,0.19,0.29,0.39,0.76,1.21,1.80,2.53,2.93
2012-06-01,0.05,0.09,0.19,0.29,0.39,0.71,1.08,1.62,2.31,2.70
2012-07-01,0.07,0.10,0.19,0.25,0.33,0.62,0.98,1.53,2.22,2.59
2012-08-01,0.09,0.10,0.18,0.27,0.37,0.71,1.14,1.68,2.40,2.77
2012-09-01,0.08,0.11,0.18,0.26,0.34,0.67,1.12,1.72,2.49,2.88
2012-10-01,0.11,0.10,0.18,0.28,0.37,0.71,1.15,1.75,2.51,2.90
2012-11-01,0.12,0.09,0.18,0.27,0.36,0.67,1.08,1.65,2.39,2.80
2012-12-01,0.04,0.07,0.16,0.26,0.35,0.70,1.13,1.72,2.47,2.88
2013-01-01,0.05,0.07,0.15,0.27,0.39,0.81,1.30,1.91,2.68,3.08
2013-02-01,0.08,0.10,0.16,0.27,0.40,0.85,1.35,1.98,2.78,3.17
2013-03-01,0.08,0.09,0.15,0.26,0.39,0.82,1.32,1.96,2.78,3.16
2013-04-01,0.05,0.06,0.12,0.23,0.34,0.71,1.15,1.76,2.55,2.93
2013-05-01,0.02,0.04,0.12,0.25,0.40,0.84,1.31,1.93,2.73,3.11
2013-06-01,0.03,0.05,0.14,0.33,0.58,1.20,1.71,2.30,3.07,3.40
2013-07-01,0.02,0.04,0.12,0.34,0.64,1.40,1.99,2.58,3.31,3.61
2013-08-01,0.04,0.04,0.13,0.36,0.70,1.52,2.15,2.74,3.49,3.76
2013-09-01,0.02,0.02,0.12,0.40,0.78,1.60,2.22,2.81,3.53,3.79
2013-10-01,0.11,0.05,0.12,0.34,0.63,1.37,1.99,2.62,3.38,3.68
2013-11-01,0.05,0.07,0.12,0.30,0.58,1.37,2.07,2.72,3.50,3.80
2013-12-01,0.02,0.07,0.13,0.34,0.69,1.58,2.29,2.90,3.63,3.89
2014-01-01,0.02,0.04,0.12,0.39,0.78,1.65,2.29,2.86,3.52,3.77
2014-02-01,0.05,0.05,0.12,0.33,0.69,1.52,2.15,2.71,3.38,3.66
2014-03-01,0.05,0.05,0.13,0.40,0.82,1.64,2.23,2.72,3.35,3.62
2014-04-01,0.02,0.03,0.11,0.42,0.88,1.70,2.27,2.71,3.27,3.52
2014-05-01,0.03,0.03,0.10,0.39,0.83,1.59,2.12,2.56,3.12,3.39
2014-06-01,0.02,0.04,0.10,0.45,0.90,1.68,2.19,2.60,3.15,3.42
2014-07-01,0.02,0.03,0.11,0.51,0.97,1.70,2.17,2.54,3.07,3.33
2014-08-01,0.03,0.03,0.11,0.47,0.93,1.63,2.08,2.42,2.94,3.20
2014-09-01,0.01,0.02,0.11,0.57,1.05,1.77,2.22,2.53,3.01,3.26
2014-10-01,0.02,0.02,0.10,0.45,0.88,1.55,1.98,2.30,2.77,3.04
2014-11-01,0.04,0.02,0.13,0.53,0.96,1.62,2.03,2.33,2.76,3.04
2014-12-01,0.03,0.03,0.21,0.64,1.06,1.64,1.98,2.21,2.55,2.83
2015-01-01,0.02,0.03,0.20,0.55,0.90,1.37,1.67,1.88,2.20,2.46
2015-02-01,0.02,0.02,0.22,0.62,0.99,1.47,1.79,1.98,2.34,2.57
2015-03-01,0.02,0.03,0.25,0.64,1.02,1.52,1.84,2.04,2.41,2.63
2015-04-01,0.02,0.02,0.23,0.54,0.87,1.35,1.69,1.94,2.33,2.59
2015-05-01,0.01,0.02,0.24,0.61,0.98,1.54,1.93,2.20,2.69,2.96
2015-06-01,0.01,0.02,0.28,0.69,1.07,1.68,2.10,2.36,2.85,3.11
2015-07-01,0.03,0.03,0.30,0.67,1.03,1.63,2.04,2.32,2.77,3.07
2015-08-01,0.04,0.07,0.38,0.70,1.03,1.54,1.91,2.17,2.55,2.86
2015-09-01,0.01,0.02,0.37,0.71,1.01,1.49,1.88,2.17,2.62,2.95
2015-10-01,0.01,0.02,0.26,0.64,0.93,1.39,1.76,2.07,2.50,2.89
2015-11-01,0.07,0.13,0.48,0.88,1.20,1.67,2.02,2.26,2.69,3.03
2015-12-01,0.17,0.23,0.65,0.98,1.28,1.70,2.04,2.24,2.61,2.97
2016-01-01,0.23,0.26,0.54,0.90,1.14,1.52,1.85,2.09,2.49,2.86
2016-02-01,0.26,0.31,0.53,0.73,0.90,1.22,1.53,1.78,2.20,2.62
2016-03-01,0.25,0.30,0.66,0.88,1.04,1.38,1.68,1.89,2.28,2.68
2016-04-01,0.19,0.23,0.56,0.77,0.92,1.26,1.57,1.81,2.21,2.62
2016-05-01,0.23,0.28,0.59,0.82,0.97,1.30,1.60,1.81,2.22,2.63
2016-06-01,0.22,0.27,0.55,0.73,0.86,1.17,1.44,1.64,2.02,2.45
2016-07-01,0.26,0.30,0.51,0.67,0.79,1.07,1.33,1.50,1.82,2.23
2016-08-01,0.26,0.30,0.57,0.74,0.85,1.13,1.40,1.56,1.89,2.26
2016-09-01,0.19,0.29,0.59,0.77,0.90,1.18,1.46,1.63,2.02,2.35
2016-10-01,0.24,0.33,0.66,0.84,0.99,1.27,1.56,1.76,2.17,2.50
2016-11-01,0.30,0.45,0.74,0.98,1.22,1.60,1.93,2.14,2.54,2.86
2016-12-01,0.42,0.51,0.87,1.20,1.49,1.96,2.29,2.49,2.84,3.11
2017-01-01,0.50,0.52,0.83,1.21,1.48,1.92,2.23,2.43,2.75,3.02
2017-02-01,0.48,0.53,0.82,1.20,1.47,1.90,2.22,2.42,2.76,3.03
2017-03-01,0.66,0.75,1.01,1.31,1.59,2.01,2.30,2.48,2.83,3.08
2017-04-01,0.75,0.81,1.04,1.24,1.44,1.82,2.10,2.30,2.67,2.94
2017-05-01,0.73,0.90,1.12,1.30,1.48,1.84,2.11,2.30,2.70,2.96
2017-06-01,0.84,1.00,1.20,1.34,1.49,1.77,2.01,2.19,2.54,2.80
2017-07-01,0.97,1.09,1.22,1.37,1.54,1.87,2.13,2.32,2.65,2.88
2017-08-01,0.98,1.03,1.23,1.34,1.48,1.78,2.03,2.21,2.55,2.80
2017-09-01,0.99,1.05,1.28,1.38,1.51,1.80,2.03,2.20,2.53,2.78
2017-10-01,1.00,1.09,1.40,1.55,1.68,1.98,2.20,2.36,2.65,2.88
2017-11-01,1.09,1.25,1.56,1.70,1.81,2.05,2.23,2.35,2.60,2.80
2017-12-01,1.20,1.34,1.70,1.84,1.96,2.18,2.32,2.40,2.60,2.77
2018-01-01,1.30,1.43,1.80,2.03,2.15,2.38,2.51,2.58,2.73,2.88
2018-02-01,1.38,1.59,1.96,2.18,2.36,2.60,2.78,2.86,3.02,3.13
2018-03-01,1.64,1.73,2.06,2.28,2.42,2.63,2.77,2.84,2.97,3.09
2018-04-01,1.66,1.79,2.15,2.38,2.52,2.70,2.82,2.87,2.96,3.07
